ticker	date	entry	sl	target
ABB	2021-02-04	243.5	243.5	324.67
ABB	2021-02-18	243.3	241.1	321.47
ABB	2021-02-19	245.6	241.1	321.47
ABB	2021-02-23	238.1	238.1	317.47
ABB	2021-04-15	273.3	260.5	347.33
ABB	2021-08-19	325.1	311.5	415.33
ABB	2021-08-31	319.4	316.5	422.0
ABB	2021-09-08	313.4	313.4	417.87
ABB	2021-09-09	312.5	312.5	416.67
ABB	2021-09-20	300.2	300.2	400.27
ABB	2021-09-21	299.8	299.8	399.73
ABB	2021-09-22	302.1	299.8	399.73
ABB	2021-09-24	301.1	299.8	399.73
ABB	2021-09-29	294.7	292.6	390.13
ABB	2021-10-01	287.7	287.7	383.6
ABB	2021-10-04	286.2	286.2	381.6
ABB	2021-10-21	279.9	279.9	373.2
ABB	2021-10-22	280.5	279.9	373.2
ABB	2021-11-19	317.6	278.7	371.6
ABB	2021-11-26	308.6	282.5	376.67
ABB	2021-11-30	305.2	290.9	387.87
ABB	2021-12-02	309.8	294.1	392.13
ABB	2022-01-24	324.1	324.1	432.13
ABB	2022-01-28	313.0	313.0	417.33
ABB	2022-02-03	312.2	312.2	416.27
ABB	2022-02-24	299.3	299.3	399.07
ABB	2022-05-12	278.8	278.8	371.73
ABB	2022-06-16	278.5	278.4	371.2
ABB	2022-06-17	272.7	272.7	363.6
ABB	2022-09-15	298.8	290.0	386.67
ABB	2022-10-03	269.1	269.1	358.8
ABB	2022-11-30	324.4	300.6	400.8
ABB	2023-01-04	324.8	311.5	415.33
ABB	2023-02-01	362.6	324.8	433.07
ABB	2023-02-02	346.1	333.6	444.8
ABB	2023-02-07	356.9	342.1	456.13
ABB	2023-02-15	350.0	345.4	460.53
ABB	2023-03-13	348.0	344.2	458.93
ABB	2023-03-15	337.2	337.2	449.6
ABB	2023-03-17	334.7	332.7	443.6
ABB	2023-03-20	331.2	331.2	441.6
ABB	2023-03-24	335.3	331.2	441.6
ABB	2023-04-25	373.1	331.3	441.73
ABB	2023-05-25	387.6	362.7	483.6
ABB	2023-05-31	396.5	362.7	483.6
ABB	2023-06-19	419.7	384.3	512.4
ABB	2023-07-20	394.2	394.2	525.6
ABB	2023-08-02	412.8	394.2	525.6
ABB	2023-08-10	406.8	394.2	525.6
ABB	2023-08-31	414.8	401.0	534.67
ABB	2023-09-07	413.6	401.0	534.67
ABB	2023-09-08	408.0	401.0	534.67
ABB	2023-09-15	406.2	397.5	530.0
ABB	2023-10-18	371.2	371.2	494.93
ABB	2023-10-19	367.5	367.5	490.0
ABB	2023-10-23	362.2	362.2	482.93
ABB	2023-11-30	406.7	374.0	498.67
ABB	2023-12-11	431.1	391.2	521.6
ABB	2023-12-12	437.9	395.3	527.07
ABB	2023-12-14	437.9	395.3	527.07
ABB	2024-01-19	423.9	423.9	565.2
ABB	2024-02-01	439.8	423.9	565.2
ABB	2024-02-23	460.4	439.8	586.4
ABB	2024-03-12	474.4	454.5	606.0
ABB	2024-03-15	490.3	460.4	613.87
ABB	2024-04-18	519.4	485.4	647.2
ABB	2024-04-19	525.2	485.4	647.2
ABB	2024-06-03	573.2	538.2	717.6
ABB	2024-06-07	581.0	555.2	740.27
ABB	2024-06-13	590.2	555.2	740.27
ABB	2024-06-24	582.4	569.0	758.67
ABB	2024-07-18	568.0	568.0	757.33
ABB	2024-08-02	545.4	545.4	727.2
ABB	2024-08-05	510.4	510.4	680.53
ABB	2024-09-04	559.0	536.0	714.67
ABB	2024-10-17	585.0	572.6	763.47
ABB	2024-10-24	589.2	581.4	775.2
ABB	2024-10-29	596.2	584.0	778.67
ABB	2024-10-30	593.0	584.0	778.67
ABB	2024-10-31	589.2	584.0	778.67
ABB	2024-11-06	620.2	585.0	780.0
ABB	2024-11-15	614.4	589.0	785.33
ABB	2024-11-25	614.0	589.2	785.6
ABB	2024-11-27	604.8	589.2	785.6
ABB	2024-11-29	613.4	595.0	793.33
ABB	2024-12-19	597.4	597.4	796.53
ABB	2024-12-20	589.0	589.0	785.33
ABB	2025-01-07	596.6	584.2	778.93
ABB	2025-01-10	600.8	584.2	778.93
ABB	2025-01-22	627.2	584.2	778.93
ABB	2025-01-27	604.4	584.2	778.93
ABB	2025-01-28	606.8	584.2	778.93
ABB	2025-01-30	603.4	584.2	778.93
ABB	2025-02-28	573.6	573.6	764.8
ABB	2025-03-03	572.4	572.4	763.2
ABB	2025-03-04	552.0	552.0	736.0
ABB	2025-03-05	559.2	552.0	736.0
ABB	2025-03-11	553.4	548.4	731.2
ABB	2025-04-01	513.4	511.2	681.6
ABB	2025-04-02	505.6	505.6	674.13
ABB	2025-04-03	483.0	483.0	644.0
ABB	2025-04-04	466.8	466.8	622.4
ABB	2025-04-07	442.2	442.2	589.6
ABB	2025-04-08	466.6	442.2	589.6
ABB	2025-04-09	459.9	442.2	589.6
ABB	2025-04-10	484.7	442.2	589.6
ABB	2025-04-11	470.4	442.2	589.6
ABB	2025-04-22	477.5	442.2	589.6
ABB	2025-06-13	546.0	531.2	708.27
ABB	2025-07-17	602.0	536.2	714.93
ABB	2025-07-18	627.2	536.2	714.93
ABB	2025-08-19	636.0	620.0	826.67
ABB	2025-09-30	668.4	623.0	830.67
ABB	2025-10-08	681.0	648.2	864.27
ABB	2025-10-09	692.8	648.2	864.27
ABB	2025-10-13	688.0	648.2	864.27
ABB	2025-10-15	698.8	654.0	872.0
ABB	2025-10-16	695.8	656.6	875.47
ABB	2025-10-17	689.0	660.6	880.8
ABB	2025-11-18	640.4	640.4	853.87
ABB	2025-11-19	638.8	638.8	851.73
ABB	2025-11-21	644.0	638.8	851.73
ABB	2026-01-15	696.4	665.0	886.67
ABB	2026-01-29	742.6	671.6	895.47
ABB	2026-03-03	789.4	764.6	1019.47
ABB	2026-03-09	738.0	738.0	984.0
ABB	2026-04-08	811.4	733.4	977.87
ABB	2026-04-22	884.4	734.8	979.73
ABB	2026-07-16	935.4	935.4	1247.2
ABB	2026-09-14	896.6	896.6	1195.47

